memory_budget,exemplar_size,T,batch_size,class_increment,train_accuracy,test_accuracy,average_accuracy
2000,10,2,32,10,75.5,60.8,62.41
2000,10,2,32,10,87.61,55.5,62.41
2000,10,2,32,10,87.39,63.7,62.41
2000,10,2,32,10,86.63,58.8,62.41
2000,10,2,32,10,87.27,60.1,62.41
2000,10,2,32,10,85.83,63.5,62.41
2000,10,2,32,10,85.17,65.7,62.41
2000,10,2,32,10,84.02,63.4,62.41
2000,10,2,32,10,81.63,62.5,62.41
2000,10,2,32,10,79.8,70.1,62.41
2000,10,2,64,10,79.72,58.7,63.26
2000,10,2,64,10,92.91,54.9,63.26
2000,10,2,64,10,93.9,62.8,63.26
2000,10,2,64,10,92.09,62.6,63.26
2000,10,2,64,10,90.99,64.3,63.26
2000,10,2,64,10,88.49,62.4,63.26
2000,10,2,64,10,86.62,66.5,63.26
2000,10,2,64,10,88.16,65.3,63.26
2000,10,2,64,10,85.73,66.1,63.26
2000,10,2,64,10,86.26,69.0,63.26
2000,10,2,128,10,73.06,55.8,62.21
2000,10,2,128,10,90.29,53.3,62.21
2000,10,2,128,10,94.89,64.1,62.21
2000,10,2,128,10,94.83,62.7,62.21
2000,10,2,128,10,94.03,63.8,62.21
2000,10,2,128,10,93.54,64.9,62.21
2000,10,2,128,10,93.14,67.9,62.21
2000,10,2,128,10,93.59,63.1,62.21
2000,10,2,128,10,91.69,56.9,62.21
2000,10,2,128,10,92.64,69.6,62.21
2000,10,2,256,10,88.32,59.7,60.24
2000,10,2,256,10,93.23,57.7,60.24
2000,10,2,256,10,94.66,60.5,60.24
2000,10,2,256,10,91.56,58.1,60.24
2000,10,2,256,10,90.21,60.1,60.24
2000,10,2,256,10,90.97,60.8,60.24
2000,10,2,256,10,90.53,60.8,60.24
2000,10,2,256,10,85.85,57.0,60.24
2000,10,2,256,10,90.54,60.0,60.24
2000,10,2,256,10,89.54,67.7,60.24
2000,10,2,32,20,70.32,61.3,63.02
2000,10,2,32,20,84.77,63.35,63.02
2000,10,2,32,20,85.18,63.45,63.02
2000,10,2,32,20,82.78,63.0,63.02
2000,10,2,32,20,82.68,64.0,63.02
2000,10,2,64,20,78.38,56.1,57.02
2000,10,2,64,20,92.18,57.6,57.02
2000,10,2,64,20,92.0,58.2,57.02
2000,10,2,64,20,86.89,54.2,57.02
2000,10,2,64,20,89.59,59.0,57.02
2000,10,2,128,20,74.98,53.0,54.17
2000,10,2,128,20,95.01,53.55,54.17
2000,10,2,128,20,93.43,54.75,54.17
2000,10,2,128,20,91.16,55.2,54.17
2000,10,2,128,20,91.89,54.35,54.17
2000,10,2,256,20,76.72,54.35,56.41
2000,10,2,256,20,95.22,56.0,56.41
2000,10,2,256,20,93.81,57.4,56.41
2000,10,2,256,20,93.51,57.55,56.41
2000,10,2,256,20,92.78,56.75,56.41
2000,10,2,32,25,65.9,55.64,56.7
2000,10,2,32,25,78.74,54.72,56.7
2000,10,2,32,25,77.52,55.24,56.7
2000,10,2,32,25,79.29,61.2,56.7
2000,10,2,64,25,76.0,57.96,53.92
2000,10,2,64,25,86.26,48.44,53.92
2000,10,2,64,25,85.57,51.8,53.92
2000,10,2,64,25,86.35,57.48,53.92
2000,10,2,128,25,79.1,54.88,53.53
2000,10,2,128,25,88.42,48.0,53.53
2000,10,2,128,25,89.0,52.72,53.53
2000,10,2,128,25,89.95,58.52,53.53
2000,10,2,256,25,86.27,49.76,50.66
2000,10,2,256,25,90.94,45.04,50.66
2000,10,2,256,25,90.97,51.44,50.66
2000,10,2,256,25,91.18,56.4,50.66
2000,10,2,32,50,55.84,53.44,56.39
2000,10,2,32,50,69.52,59.34,56.39
2000,10,2,64,50,64.26,50.1,53.38
2000,10,2,64,50,79.44,56.66,53.38
2000,10,2,128,50,72.12,49.04,51.47
2000,10,2,128,50,84.23,53.9,51.47
2000,10,2,256,50,77.4,46.12,48.7
2000,10,2,256,50,86.69,51.28,48.7
500,10,2,32,10,74.82,63.0,68.53
500,10,2,32,10,91.67,59.5,68.53
500,10,2,32,10,93.4,67.9,68.53
500,10,2,32,10,91.7,65.0,68.53
500,10,2,32,10,93.34,69.9,68.53
500,10,2,32,10,92.62,70.3,68.53
500,10,2,32,10,89.91,73.2,68.53
500,10,2,32,10,89.78,69.5,68.53
500,10,2,32,10,91.48,70.3,68.53
500,10,2,32,10,91.47,76.7,68.53
500,10,2,64,10,78.96,67.8,67.33
500,10,2,64,10,96.64,65.6,67.33
500,10,2,64,10,96.44,69.2,67.33
500,10,2,64,10,95.44,64.8,67.33
500,10,2,64,10,95.02,69.1,67.33
500,10,2,64,10,93.96,69.7,67.33
500,10,2,64,10,92.55,64.6,67.33
500,10,2,64,10,93.11,66.8,67.33
500,10,2,64,10,93.58,65.1,67.33
500,10,2,64,10,91.5,70.6,67.33
500,10,2,128,10,74.1,62.8,65.33
500,10,2,128,10,96.05,58.8,65.33
500,10,2,128,10,98.15,68.7,65.33
500,10,2,128,10,97.35,64.6,65.33
500,10,2,128,10,95.99,68.0,65.33
500,10,2,128,10,94.87,65.2,65.33
500,10,2,128,10,94.65,66.9,65.33
500,10,2,128,10,95.06,65.6,65.33
500,10,2,128,10,94.87,62.1,65.33
500,10,2,128,10,94.13,70.6,65.33
500,10,2,256,10,56.66,50.2,60.42
500,10,2,256,10,83.15,53.0,60.42
500,10,2,256,10,93.49,59.2,60.42
500,10,2,256,10,94.96,57.3,60.42
500,10,2,256,10,94.82,62.7,60.42
500,10,2,256,10,94.45,61.5,60.42
500,10,2,256,10,93.81,64.4,60.42
500,10,2,256,10,93.17,64.1,60.42
500,10,2,256,10,92.77,62.1,60.42
500,10,2,256,10,92.88,69.7,60.42
1500,10,2,32,10,79.4,63.3,64.09
1500,10,2,32,10,90.15,65.2,64.09
1500,10,2,32,10,88.45,63.1,64.09
1500,10,2,32,10,90.66,60.2,64.09
1500,10,2,32,10,89.1,62.2,64.09
1500,10,2,32,10,88.55,60.7,64.09
1500,10,2,32,10,88.38,64.2,64.09
1500,10,2,32,10,87.59,65.1,64.09
1500,10,2,32,10,85.08,70.5,64.09
1500,10,2,32,10,83.35,66.4,64.09
1500,10,2,64,10,78.92,64.3,62.56
1500,10,2,64,10,95.66,59.4,62.56
1500,10,2,64,10,95.86,62.9,62.56
1500,10,2,64,10,94.08,59.1,62.56
1500,10,2,64,10,91.42,61.9,62.56
1500,10,2,64,10,89.94,58.7,62.56
1500,10,2,64,10,93.32,66.4,62.56
1500,10,2,64,10,87.79,57.2,62.56
1500,10,2,64,10,89.05,64.1,62.56
1500,10,2,64,10,88.09,71.6,62.56
1500,10,2,128,10,82.14,66.4,66.5
1500,10,2,128,10,97.05,61.1,66.5
1500,10,2,128,10,96.31,67.0,66.5
1500,10,2,128,10,95.71,62.4,66.5
1500,10,2,128,10,94.58,65.9,66.5
1500,10,2,128,10,93.52,64.8,66.5
1500,10,2,128,10,93.98,66.8,66.5
1500,10,2,128,10,92.32,67.2,66.5
1500,10,2,128,10,92.03,69.4,66.5
1500,10,2,128,10,90.2,74.0,66.5
1500,10,2,256,10,79.02,56.6,61.11
1500,10,2,256,10,92.92,52.6,61.11
1500,10,2,256,10,96.05,62.8,61.11
1500,10,2,256,10,94.08,58.0,61.11
1500,10,2,256,10,92.95,63.0,61.11
1500,10,2,256,10,92.28,63.2,61.11
1500,10,2,256,10,91.4,65.6,61.11
1500,10,2,256,10,91.11,58.3,61.11
1500,10,2,256,10,89.72,61.9,61.11
1500,10,2,256,10,88.59,69.1,61.11
500,10,2,32,20,68.24,52.25,59.17
500,10,2,32,20,87.9,63.15,59.17
500,10,2,32,20,87.07,55.2,59.17
500,10,2,32,20,87.23,62.1,59.17
500,10,2,32,20,87.49,63.15,59.17
500,10,2,64,20,77.27,53.1,59.67
500,10,2,64,20,85.7,62.9,59.67
500,10,2,64,20,93.14,60.7,59.67
500,10,2,64,20,91.76,58.65,59.67
500,10,2,128,20,86.19,57.0,59.54
500,10,2,128,20,86.93,62.2,59.54
500,10,2,128,20,96.8,58.1,59.54
500,10,2,128,20,95.6,55.8,59.54
500,10,2,128,20,95.27,64.6,59.54
500,10,2,256,20,64.81,50.2,56.34
500,10,2,256,20,76.78,51.35,56.34
500,10,2,256,20,95.97,61.85,56.34
500,10,2,256,20,95.06,56.4,56.34
500,10,2,256,20,96.01,61.9,56.34
1500,10,2,32,20,68.62,52.75,59.59
1500,10,2,32,20,85.71,59.3,59.59
1500,10,2,32,20,85.35,59.5,59.59
1500,10,2,32,20,84.06,62.3,59.59
1500,10,2,32,20,84.27,64.1,59.59
1500,10,2,64,20,76.47,52.0,55.48
1500,10,2,64,20,92.29,57.85,55.48
1500,10,2,64,20,90.93,56.35,55.48
1500,10,2,64,20,88.72,53.7,55.48
1500,10,2,64,20,89.79,57.5,55.48
1500,10,2,128,20,82.07,58.05,60.82
1500,10,2,128,20,95.24,61.85,60.82
1500,10,2,128,20,93.67,61.3,60.82
1500,10,2,128,20,94.04,59.3,60.82
1500,10,2,128,20,93.43,63.6,60.82
1500,10,2,256,20,64.82,48.8,54.51
1500,10,2,256,20,93.97,55.45,54.51
1500,10,2,256,20,94.53,54.9,54.51
1500,10,2,256,20,93.83,54.6,54.51
1500,10,2,256,20,94.21,58.8,54.51
500,10,2,32,25,68.0,52.48,59.27
500,10,2,32,25,83.98,58.32,59.27
500,10,2,32,25,84.42,62.56,59.27
500,10,2,32,25,87.29,63.72,59.27
500,10,2,64,25,79.69,54.76,57.57
500,10,2,64,25,90.2,56.72,57.57
500,10,2,64,25,90.69,56.52,57.57
500,10,2,64,25,92.28,62.28,57.57
500,10,2,128,25,80.02,49.52,51.06
500,10,2,128,25,95.14,46.88,51.06
500,10,2,128,25,93.92,51.8,51.06
500,10,2,128,25,91.79,56.04,51.06
500,10,2,256,25,85.73,55.72,54.21
500,10,2,256,25,94.33,51.68,54.21
500,10,2,256,25,94.23,55.44,54.21
500,10,2,256,25,94.58,54.0,54.21
1500,10,2,32,25,67.58,54.08,58.99
1500,10,2,32,25,81.89,57.84,58.99
1500,10,2,32,25,80.68,59.04,58.99
1500,10,2,32,25,81.81,65.0,58.99
1500,10,2,64,25,75.58,51.2,55.01
1500,10,2,64,25,86.83,51.92,55.01
1500,10,2,64,25,86.21,55.08,55.01
1500,10,2,64,25,88.16,61.84,55.01
1500,10,2,128,25,77.97,49.16,52.97
1500,10,2,128,25,91.96,51.16,52.97
1500,10,2,128,25,90.06,53.44,52.97
1500,10,2,128,25,91.21,58.12,52.97
1500,10,2,256,25,79.91,49.16,50.66
1500,10,2,256,25,92.4,46.08,50.66
1500,10,2,256,25,90.94,53.2,50.66
1500,10,2,256,25,92.61,54.2,50.66
500,10,2,32,50,55.74,48.36,54.68
500,10,2,32,50,72.66,61.0,54.68
500,10,2,64,50,64.73,53.06,56.76
500,10,2,64,50,82.71,60.46,56.76
500,10,2,128,50,71.99,48.6,52.22
500,10,2,128,50,87.58,55.84,52.22
500,10,2,256,50,78.01,48.32,49.92
500,10,2,256,50,90.47,51.52,49.92
1500,10,2,32,50,54.93,51.32,54.93
1500,10,2,32,50,70.32,58.54,54.93
1500,10,2,64,50,64.91,50.22,52.44
1500,10,2,64,50,78.8,54.66,52.44
1500,10,2,128,50,73.41,51.26,53.61
1500,10,2,128,50,79.18,55.96,53.61
1500,10,2,256,50,74.22,50.02,51.83
1500,10,2,256,50,87.36,53.64,51.83
1000,10,2,32,10,78.02,56.9,66.09
1000,10,2,32,10,89.07,57.8,66.09
1000,10,2,32,10,91.35,67.5,66.09
1000,10,2,32,10,90.63,64.6,66.09
1000,10,2,32,10,89.07,66.8,66.09
1000,10,2,32,10,89.67,68.7,66.09
1000,10,2,32,10,89.98,69.8,66.09
1000,10,2,32,10,88.09,69.3,66.09
1000,10,2,32,10,86.98,64.9,66.09
1000,10,2,32,10,88.23,74.6,66.09
1000,10,2,64,10,83.46,68.6,67.03
1000,10,2,64,10,95.02,58.1,67.03
1000,10,2,64,10,96.2,70.3,67.03
1000,10,2,64,10,95.74,63.1,67.03
1000,10,2,64,10,94.78,67.6,67.03
1000,10,2,64,10,93.12,68.9,67.03
1000,10,2,64,10,89.4,67.0,67.03
1000,10,2,64,10,93.71,65.4,67.03
1000,10,2,64,10,93.79,66.9,67.03
1000,10,2,64,10,90.35,74.4,67.03
1000,10,2,128,10,72.06,61.8,63.18
1000,10,2,128,10,93.37,54.1,63.18
1000,10,2,128,10,96.0,63.8,63.18
1000,10,2,128,10,93.91,56.8,63.18
1000,10,2,128,10,94.08,63.0,63.18
1000,10,2,128,10,92.65,65.0,63.18
1000,10,2,128,10,93.39,69.5,63.18
1000,10,2,128,10,92.93,61.3,63.18
1000,10,2,128,10,92.6,63.8,63.18
1000,10,2,128,10,93.14,72.7,63.18
1000,10,2,256,10,83.36,61.6,60.54
1000,10,2,256,10,96.83,49.5,60.54
1000,10,2,256,10,95.77,60.3,60.54
1000,10,2,256,10,96.11,56.9,60.54
1000,10,2,256,10,94.33,58.1,60.54
1000,10,2,256,10,94.42,60.2,60.54
1000,10,2,256,10,94.63,64.1,60.54
1000,10,2,256,10,93.38,64.9,60.54
1000,10,2,256,10,91.9,59.0,60.54
1000,10,2,256,10,91.7,70.8,60.54
1000,10,2,32,20,70.73,56.0,62.44
1000,10,2,32,20,86.89,64.25,62.44
1000,10,2,32,20,87.38,64.05,62.44
1000,10,2,32,20,85.05,60.4,62.44
1000,10,2,32,20,87.8,67.5,62.44
1000,10,2,64,20,78.19,53.85,57.76
1000,10,2,64,20,93.83,59.9,57.76
1000,10,2,64,20,92.39,60.4,57.76
1000,10,2,64,20,89.93,55.65,57.76
1000,10,2,64,20,89.6,59.0,57.76
1000,10,2,128,20,75.63,49.05,55.73
1000,10,2,128,20,92.53,54.05,55.73
1000,10,2,128,20,93.09,58.25,55.73
1000,10,2,128,20,92.59,57.5,55.73
1000,10,2,128,20,93.43,59.8,55.73
1000,10,2,256,20,65.46,49.9,54.22
1000,10,2,256,20,92.38,55.0,54.22
1000,10,2,256,20,93.24,54.25,54.22
1000,10,2,256,20,92.21,54.4,54.22
1000,10,2,256,20,93.5,57.55,54.22
1000,10,2,32,25,66.75,53.16,58.16
1000,10,2,32,25,81.09,58.44,58.16
1000,10,2,32,25,81.59,57.88,58.16
1000,10,2,32,25,83.19,63.16,58.16
1000,10,2,64,25,75.59,57.6,58.23
1000,10,2,64,25,89.56,57.0,58.23
1000,10,2,64,25,87.36,58.68,58.23
1000,10,2,64,25,90.07,59.64,58.23
1000,10,2,128,25,81.56,54.4,56.36
1000,10,2,128,25,92.86,55.16,56.36
1000,10,2,128,25,92.2,56.44,56.36
1000,10,2,128,25,93.6,59.44,56.36
1000,10,2,256,25,80.97,45.44,51.35
1000,10,2,256,25,94.6,51.92,51.35
1000,10,2,256,25,92.9,52.4,51.35
1000,10,2,256,25,92.46,55.64,51.35
1000,10,2,32,50,55.74,44.82,49.56
1000,10,2,32,50,71.49,54.3,49.56
1000,10,2,64,50,65.54,48.86,54.8
1000,10,2,64,50,82.02,60.74,54.8
1000,10,2,128,50,73.82,49.48,53.24
1000,10,2,128,50,87.45,57.0,53.24
1000,10,2,256,50,76.09,52.52,52.49
1000,10,2,256,50,88.58,52.46,52.49
1000,20,2,32,10,80.66,63.5,65.99
1000,20,2,32,10,92.33,63.7,65.99
1000,20,2,32,10,91.97,69.4,65.99
1000,20,2,32,10,91.3,64.9,65.99
1000,20,2,32,10,88.28,60.4,65.99
1000,20,2,32,10,90.08,65.7,65.99
1000,20,2,32,10,88.42,68.9,65.99
1000,20,2,32,10,86.77,64.3,65.99
1000,20,2,32,10,88.14,67.3,65.99
1000,20,2,32,10,87.73,71.8,65.99
1000,20,2,64,10,79.66,65.1,67.77
1000,20,2,64,10,96.9,56.2,67.77
1000,20,2,64,10,96.52,70.3,67.77
1000,20,2,64,10,92.95,64.5,67.77
1000,20,2,64,10,94.05,67.8,67.77
1000,20,2,64,10,93.52,69.8,67.77
1000,20,2,64,10,89.93,71.4,67.77
1000,20,2,64,10,90.35,69.1,67.77
1000,20,2,64,10,93.29,69.1,67.77
1000,20,2,64,10,92.32,74.4,67.77
1000,20,2,128,10,80.96,54.0,64.06
1000,20,2,128,10,95.55,59.4,64.06
1000,20,2,128,10,97.63,68.3,64.06
1000,20,2,128,10,95.99,59.9,64.06
1000,20,2,128,10,95.78,64.4,64.06
1000,20,2,128,10,95.3,67.5,64.06
1000,20,2,128,10,94.24,67.2,64.06
1000,20,2,128,10,94.43,65.0,64.06
1000,20,2,128,10,93.51,64.7,64.06
1000,20,2,128,10,92.95,70.2,64.06
1000,20,2,256,10,83.44,62.7,63.34
1000,20,2,256,10,94.2,53.3,63.34
1000,20,2,256,10,95.07,63.8,63.34
1000,20,2,256,10,95.21,60.8,63.34
1000,20,2,256,10,94.85,64.4,63.34
1000,20,2,256,10,94.4,63.1,63.34
1000,20,2,256,10,94.3,66.9,63.34
1000,20,2,256,10,93.34,63.7,63.34
1000,20,2,256,10,92.35,64.8,63.34
1000,20,2,256,10,91.39,69.9,63.34
1000,50,2,32,10,77.8,56.8,64.29
1000,50,2,32,10,90.25,59.4,64.29
1000,50,2,32,10,92.38,65.2,64.29
1000,50,2,32,10,89.05,56.8,64.29
1000,50,2,32,10,88.77,69.0,64.29
1000,50,2,32,10,87.9,66.5,64.29
1000,50,2,32,10,89.68,71.7,64.29
1000,50,2,32,10,86.42,63.5,64.29
1000,50,2,32,10,87.0,62.2,64.29
1000,50,2,32,10,86.99,71.8,64.29
1000,50,2,64,10,86.88,66.5,66.91
1000,50,2,64,10,94.03,56.7,66.91
1000,50,2,64,10,95.75,71.3,66.91
1000,50,2,64,10,95.11,63.9,66.91
1000,50,2,64,10,93.33,68.7,66.91
1000,50,2,64,10,91.5,69.2,66.91
1000,50,2,64,10,91.38,67.9,66.91
1000,50,2,64,10,90.07,60.2,66.91
1000,50,2,64,10,92.94,67.5,66.91
1000,50,2,64,10,90.92,77.2,66.91
1000,50,2,128,10,71.86,51.2,64.23
1000,50,2,128,10,91.37,60.9,64.23
1000,50,2,128,10,94.77,67.8,64.23
1000,50,2,128,10,93.92,62.4,64.23
1000,50,2,128,10,94.38,67.0,64.23
1000,50,2,128,10,91.77,61.7,64.23
1000,50,2,128,10,93.2,69.1,64.23
1000,50,2,128,10,93.8,65.8,64.23
1000,50,2,128,10,93.2,66.6,64.23
1000,50,2,128,10,92.2,69.8,64.23
1000,50,2,256,10,61.94,52.1,60.4
1000,50,2,256,10,84.15,47.8,60.4
1000,50,2,256,10,95.25,61.8,60.4
1000,50,2,256,10,96.81,60.9,60.4
1000,50,2,256,10,94.43,64.7,60.4
1000,50,2,256,10,93.28,62.9,60.4
1000,50,2,256,10,92.33,63.5,60.4
1000,50,2,256,10,93.31,61.4,60.4
1000,50,2,256,10,92.06,57.0,60.4
1000,50,2,256,10,93.19,71.9,60.4
1000,100,2,32,10,79.18,70.1,68.33
1000,100,2,32,10,90.83,57.4,68.33
1000,100,2,32,10,91.23,68.5,68.33
1000,100,2,32,10,90.28,65.6,68.33
1000,100,2,32,10,89.73,65.1,68.33
1000,100,2,32,10,91.6,71.1,68.33
1000,100,2,32,10,88.69,70.6,68.33
1000,100,2,32,10,88.09,72.5,68.33
1000,100,2,32,10,87.23,69.1,68.33
1000,100,2,32,10,85.76,73.3,68.33
1000,100,2,64,10,85.74,65.6,65.81
1000,100,2,64,10,96.3,59.5,65.81
1000,100,2,64,10,96.52,65.5,65.81
1000,100,2,64,10,96.03,63.4,65.81
1000,100,2,64,10,93.6,66.4,65.81
1000,100,2,64,10,91.62,67.0,65.81
1000,100,2,64,10,90.32,70.3,65.81
1000,100,2,64,10,89.68,62.4,65.81
1000,100,2,64,10,88.46,65.9,65.81
1000,100,2,64,10,89.5,72.1,65.81
1000,100,2,128,10,74.96,56.4,63.66
1000,100,2,128,10,93.63,58.0,63.66
1000,100,2,128,10,96.55,65.1,63.66
1000,100,2,128,10,96.78,60.1,63.66
1000,100,2,128,10,94.82,63.2,63.66
1000,100,2,128,10,93.33,65.2,63.66
1000,100,2,128,10,93.83,67.9,63.66
1000,100,2,128,10,94.52,67.6,63.66
1000,100,2,128,10,93.12,64.3,63.66
1000,100,2,128,10,91.67,68.8,63.66
1000,100,2,256,10,80.18,57.2,60.82
1000,100,2,256,10,94.77,56.1,60.82
1000,100,2,256,10,94.8,61.6,60.82
1000,100,2,256,10,93.91,57.1,60.82
1000,100,2,256,10,93.27,63.2,60.82
1000,100,2,256,10,92.6,61.8,60.82
1000,100,2,256,10,92.8,65.1,60.82
1000,100,2,256,10,92.22,60.6,60.82
1000,100,2,256,10,91.59,59.7,60.82
1000,100,2,256,10,92.05,65.8,60.82
1000,200,2,32,10,77.26,63.2,65.09
1000,200,2,32,10,91.2,55.8,65.09
1000,200,2,32,10,92.77,70.4,65.09
1000,200,2,32,10,88.95,59.3,65.09
1000,200,2,32,10,87.6,65.7,65.09
1000,200,2,32,10,88.27,66.7,65.09
1000,200,2,32,10,88.79,68.5,65.09
1000,200,2,32,10,85.02,64.7,65.09
1000,200,2,32,10,87.75,63.1,65.09
1000,200,2,32,10,87.28,73.5,65.09
1000,200,2,64,10,78.52,65.8,66.03
1000,200,2,64,10,92.78,61.4,66.03
1000,200,2,64,10,93.37,68.8,66.03
1000,200,2,64,10,94.17,63.4,66.03
1000,200,2,64,10,93.45,66.9,66.03
1000,200,2,64,10,92.18,61.9,66.03
1000,200,2,64,10,92.11,68.5,66.03
1000,200,2,64,10,91.32,64.5,66.03
1000,200,2,64,10,92.03,70.2,66.03
1000,200,2,64,10,91.54,68.9,66.03
1000,200,2,128,10,60.26,56.4,63.19
1000,200,2,128,10,83.97,54.1,63.19
1000,200,2,128,10,94.63,61.5,63.19
1000,200,2,128,10,94.17,62.6,63.19
1000,200,2,128,10,91.95,65.1,63.19
1000,200,2,128,10,93.07,64.6,63.19
1000,200,2,128,10,93.31,68.4,63.19
1000,200,2,128,10,92.41,62.2,63.19
1000,200,2,128,10,92.63,64.2,63.19
1000,200,2,128,10,91.02,72.8,63.19
1000,200,2,256,10,70.32,56.3,62.03
1000,200,2,256,10,88.23,56.6,62.03
1000,200,2,256,10,93.0,60.2,62.03
1000,200,2,256,10,95.51,65.5,62.03
1000,200,2,256,10,92.57,64.1,62.03
1000,200,2,256,10,92.25,63.4,62.03
1000,200,2,256,10,93.07,62.4,62.03
1000,200,2,256,10,91.92,62.1,62.03
1000,200,2,256,10,92.1,60.1,62.03
1000,200,2,256,10,91.57,69.6,62.03
1000,20,2,32,20,67.35,57.45,60.53
1000,20,2,32,20,85.99,60.75,60.53
1000,20,2,32,20,85.16,60.85,60.53
1000,20,2,32,20,83.6,59.85,60.53
1000,20,2,32,20,85.95,63.75,60.53
1000,20,2,64,20,79.49,53.0,58.07
1000,20,2,64,20,92.85,61.95,58.07
1000,20,2,64,20,91.77,60.5,58.07
1000,20,2,64,20,90.9,55.9,58.07
1000,20,2,64,20,91.2,59.0,58.07
1000,20,2,128,20,76.97,50.55,55.33
1000,20,2,128,20,95.19,57.75,55.33
1000,20,2,128,20,93.35,52.45,55.33
1000,20,2,128,20,93.71,55.65,55.33
1000,20,2,128,20,94.72,60.25,55.33
1000,20,2,256,20,72.74,36.05,52.9
1000,20,2,256,20,94.92,54.6,52.9
1000,20,2,256,20,95.12,57.45,52.9
1000,20,2,256,20,94.64,56.25,52.9
1000,20,2,256,20,94.24,60.15,52.9
1000,50,2,32,20,68.0,55.05,58.86
1000,50,2,32,20,86.08,59.65,58.86
1000,50,2,32,20,85.21,61.75,58.86
1000,50,2,32,20,84.84,56.75,58.86
1000,50,2,32,20,85.51,61.1,58.86
1000,50,2,64,20,82.16,53.4,57.38
1000,50,2,64,20,93.82,60.3,57.38
1000,50,2,64,20,92.91,55.4,57.38
1000,50,2,64,20,91.53,54.45,57.38
1000,50,2,64,20,91.4,63.35,57.38
1000,50,2,128,20,75.1,56.15,56.3
1000,50,2,128,20,93.59,55.05,56.3
1000,50,2,128,20,94.4,57.0,56.3
1000,50,2,128,20,92.12,55.9,56.3
1000,50,2,128,20,94.16,57.4,56.3
1000,50,2,256,20,69.22,50.9,56.99
1000,50,2,256,20,96.36,57.6,56.99
1000,50,2,256,20,94.76,57.85,56.99
1000,50,2,256,20,94.1,57.05,56.99
1000,50,2,256,20,94.01,61.55,56.99
1000,100,2,32,20,69.4,60.1,61.46
1000,100,2,32,20,86.67,66.05,61.46
1000,100,2,32,20,87.25,60.7,61.46
1000,100,2,32,20,85.9,57.75,61.46
1000,100,2,32,20,87.76,62.7,61.46
1000,100,2,64,20,77.84,59.7,63.63
1000,100,2,64,20,93.51,64.8,63.63
1000,100,2,64,20,91.25,62.75,63.63
1000,100,2,64,20,91.82,62.75,63.63
1000,100,2,64,20,90.68,68.15,63.63
1000,100,2,128,20,77.06,52.9,57.14
1000,100,2,128,20,97.87,59.1,57.14
1000,100,2,128,20,95.8,57.35,57.14
1000,100,2,128,20,94.58,57.3,57.14
1000,100,2,128,20,94.39,59.05,57.14
1000,100,2,256,20,71.76,52.35,57.77
1000,100,2,256,20,96.74,59.5,57.77
1000,100,2,256,20,94.92,58.45,57.77
1000,100,2,256,20,94.63,57.5,57.77
1000,100,2,256,20,94.41,61.05,57.77
1000,200,2,32,20,68.32,48.6,58.61
1000,200,2,32,20,86.51,63.55,58.61
1000,200,2,32,20,85.75,59.5,58.61
1000,200,2,32,20,84.4,58.8,58.61
1000,200,2,32,20,85.16,62.6,58.61
1000,200,2,64,20,77.07,56.65,61.08
1000,200,2,64,20,91.95,56.85,61.08
1000,200,2,64,20,91.1,64.05,61.08
1000,200,2,64,20,88.95,60.95,61.08
1000,200,2,64,20,89.4,66.9,61.08
1000,200,2,128,20,82.35,55.1,56.61
1000,200,2,128,20,97.44,57.35,56.61
1000,200,2,128,20,94.72,55.4,56.61
1000,200,2,128,20,94.48,55.3,56.61
1000,200,2,128,20,93.5,59.9,56.61
1000,200,2,256,20,68.33,52.5,57.66
1000,200,2,256,20,94.84,58.95,57.66
1000,200,2,256,20,94.43,58.85,57.66
1000,200,2,256,20,94.01,57.15,57.66
1000,200,2,256,20,94.75,60.85,57.66
1000,20,2,32,25,68.0,55.52,60.42
1000,20,2,32,25,82.96,61.04,60.42
1000,20,2,32,25,82.88,59.0,60.42
1000,20,2,32,25,83.99,66.12,60.42
1000,20,2,64,25,72.38,46.52,52.92
1000,20,2,64,25,88.27,51.8,52.92
1000,20,2,64,25,88.19,55.56,52.92
1000,20,2,64,25,89.65,57.8,52.92
1000,20,2,128,25,86.26,55.88,53.77
1000,20,2,128,25,94.92,49.4,53.77
1000,20,2,128,25,94.09,53.96,53.77
1000,20,2,128,25,93.7,55.84,53.77
1000,20,2,256,25,81.87,42.04,50.96
1000,20,2,256,25,94.33,51.32,50.96
1000,20,2,256,25,93.19,54.2,50.96
1000,20,2,256,25,93.92,56.28,50.96
1000,50,2,32,25,67.81,61.28,60.51
1000,50,2,32,25,82.9,57.12,60.51
1000,50,2,32,25,82.4,59.32,60.51
1000,50,2,32,25,84.85,64.32,60.51
1000,50,2,64,25,76.94,57.4,58.21
1000,50,2,64,25,90.67,53.08,58.21
1000,50,2,64,25,89.05,58.36,58.21
1000,50,2,64,25,91.03,64.0,58.21
1000,50,2,128,25,80.62,48.2,54.45
1000,50,2,128,25,92.89,53.44,54.45
1000,50,2,128,25,91.56,54.88,54.45
1000,50,2,128,25,93.02,61.28,54.45
1000,50,2,256,25,88.51,50.52,50.75
1000,50,2,256,25,95.95,46.24,50.75
1000,50,2,256,25,92.59,51.2,50.75
1000,50,2,256,25,93.4,55.04,50.75
1000,100,2,32,25,67.9,56.08,59.06
1000,100,2,32,25,82.32,56.48,59.06
1000,100,2,32,25,81.95,58.24,59.06
1000,100,2,32,25,83.69,65.44,59.06
1000,100,2,64,25,78.02,47.56,53.26
1000,100,2,64,25,91.36,52.96,53.26
1000,100,2,64,25,88.94,56.32,53.26
1000,100,2,64,25,89.36,56.2,53.26
1000,100,2,128,25,83.29,56.04,57.96
1000,100,2,128,25,94.81,56.2,57.96
1000,100,2,128,25,93.75,59.52,57.96
1000,100,2,128,25,93.25,60.08,57.96
1000,100,2,256,25,89.22,51.08,51.95
1000,100,2,256,25,95.0,49.4,51.95
1000,100,2,256,25,94.7,50.64,51.95
1000,100,2,256,25,93.54,56.68,51.95
1000,200,2,32,25,68.55,54.52,58.02
1000,200,2,32,25,83.21,60.44,58.02
1000,200,2,32,25,82.51,57.76,58.02
1000,200,2,32,25,84.54,59.36,58.02
1000,200,2,64,25,76.8,57.64,58.61
1000,200,2,64,25,91.16,56.88,58.61
1000,200,2,64,25,90.15,58.92,58.61
1000,200,2,64,25,90.05,61.0,58.61
1000,200,2,128,25,86.55,51.12,54.14
1000,200,2,128,25,93.53,50.4,54.14
1000,200,2,128,25,91.46,55.8,54.14
1000,200,2,128,25,92.44,59.24,54.14
1000,200,2,256,25,86.1,50.6,49.89
1000,200,2,256,25,94.39,44.64,49.89
1000,200,2,256,25,93.47,51.92,49.89
1000,200,2,256,25,93.63,52.4,49.89
1000,20,2,32,50,55.52,47.56,52.38
1000,20,2,32,50,71.22,57.2,52.38
1000,20,2,64,50,65.63,53.12,55.68
1000,20,2,64,50,81.45,58.24,55.68
1000,20,2,128,50,70.39,51.04,52.37
1000,20,2,128,50,83.76,53.7,52.37
1000,20,2,256,50,74.03,49.46,51.36
1000,20,2,256,50,88.37,53.26,51.36
1000,50,2,32,50,51.65,43.62,49.33
1000,50,2,32,50,69.42,55.04,49.33
1000,50,2,64,50,65.76,48.98,54.12
1000,50,2,64,50,80.23,59.26,54.12
1000,50,2,128,50,73.38,47.8,51.68
1000,50,2,128,50,87.19,55.56,51.68
1000,50,2,256,50,77.08,45.58,48.14
1000,50,2,256,50,88.54,50.7,48.14
1000,100,2,32,50,55.87,46.4,53.46
1000,100,2,32,50,70.98,60.52,53.46
1000,100,2,64,50,65.62,50.12,51.16
1000,100,2,64,50,81.16,52.2,51.16
1000,100,2,128,50,72.67,52.14,53.3
1000,100,2,128,50,87.66,54.46,53.3
1000,100,2,256,50,76.0,50.8,
1000,100,2,256,50,88.27,51.0,
500,20,2,32,10,78.68,59.3,63.52
500,20,2,32,10,90.55,57.9,63.52
500,20,2,32,10,94.05,68.2,63.52
500,20,2,32,10,91.57,58.5,63.52
500,20,2,32,10,91.35,61.8,63.52
500,20,2,32,10,92.2,65.3,63.52
500,20,2,32,10,92.1,66.6,63.52
500,20,2,32,10,90.8,64.5,63.52
500,20,2,32,10,91.08,64.0,63.52
500,20,2,32,10,90.95,69.1,63.52
500,20,2,64,10,81.2,65.0,67.92
500,20,2,64,10,96.98,62.7,67.92
500,20,2,64,10,97.16,70.6,67.92
500,20,2,64,10,96.73,67.3,67.92
500,20,2,64,10,96.44,67.6,67.92
500,20,2,64,10,94.95,64.3,67.92
500,20,2,64,10,96.2,71.8,67.92
500,20,2,64,10,94.63,68.1,67.92
500,20,2,64,10,94.16,67.6,67.92
500,20,2,64,10,92.57,74.2,67.92
500,20,2,128,10,68.86,58.8,66.53
500,20,2,128,10,95.25,59.7,66.53
500,20,2,128,10,96.42,68.8,66.53
500,20,2,128,10,96.22,61.4,66.53
500,20,2,128,10,95.62,68.1,66.53
500,20,2,128,10,95.31,69.4,66.53
500,20,2,128,10,95.05,69.2,66.53
500,20,2,128,10,94.01,66.2,66.53
500,20,2,128,10,94.49,66.7,66.53
500,20,2,128,10,93.93,77.0,66.53
500,20,2,256,10,92.28,63.1,62.47
500,20,2,256,10,97.38,58.3,62.47
500,20,2,256,10,98.13,65.2,62.47
500,20,2,256,10,96.66,58.9,62.47
500,20,2,256,10,95.07,63.0,62.47
500,20,2,256,10,94.98,60.8,62.47
500,20,2,256,10,94.47,62.9,62.47
500,20,2,256,10,92.15,61.4,62.47
500,20,2,256,10,93.43,60.8,62.47
500,20,2,256,10,93.1,70.3,62.47
500,50,2,32,10,76.66,69.1,66.66
500,50,2,32,10,92.75,61.8,66.66
500,50,2,32,10,92.98,70.6,66.66
500,50,2,32,10,89.11,62.9,66.66
500,50,2,32,10,92.63,68.0,66.66
500,50,2,32,10,92.25,71.1,66.66
500,50,2,32,10,90.86,66.1,66.66
500,50,2,32,10,89.76,58.3,66.66
500,50,2,32,10,91.31,65.9,66.66
500,50,2,32,10,91.19,72.8,66.66
500,50,2,64,10,83.54,64.0,68.03
500,50,2,64,10,96.42,59.5,68.03
500,50,2,64,10,97.4,72.1,68.03
500,50,2,64,10,95.89,61.3,68.03
500,50,2,64,10,95.91,68.2,68.03
500,50,2,64,10,95.18,68.1,68.03
500,50,2,64,10,95.05,70.9,68.03
500,50,2,64,10,93.59,69.6,68.03
500,50,2,64,10,94.8,67.0,68.03
500,50,2,64,10,93.54,79.6,68.03
500,50,2,128,10,64.68,62.1,66.16
500,50,2,128,10,94.55,58.4,66.16
500,50,2,128,10,97.4,67.0,66.16
500,50,2,128,10,96.06,64.1,66.16
500,50,2,128,10,96.04,65.8,66.16
500,50,2,128,10,94.89,65.0,66.16
500,50,2,128,10,94.93,69.5,66.16
500,50,2,128,10,95.01,67.6,66.16
500,50,2,128,10,94.87,67.1,66.16
500,50,2,128,10,94.68,75.0,66.16
500,50,2,256,10,61.56,58.8,64.04
500,50,2,256,10,87.38,57.8,64.04
500,50,2,256,10,94.07,64.8,64.04
500,50,2,256,10,93.38,61.9,64.04
500,50,2,256,10,95.44,62.5,64.04
500,50,2,256,10,94.31,67.2,64.04
500,50,2,256,10,93.05,68.0,64.04
500,50,2,256,10,93.46,66.5,64.04
500,50,2,256,10,92.94,63.3,64.04
500,50,2,256,10,93.39,69.6,64.04
500,100,2,32,10,78.26,52.7,69.15
500,100,2,32,10,92.84,64.3,69.15
500,100,2,32,10,93.6,69.3,69.15
500,100,2,32,10,92.39,68.7,69.15
500,100,2,32,10,92.55,71.4,69.15
500,100,2,32,10,93.47,71.6,69.15
500,100,2,32,10,94.34,73.4,69.15
500,100,2,32,10,91.93,71.0,69.15
500,100,2,32,10,90.88,70.0,69.15
500,100,2,32,10,91.98,79.1,69.15
500,100,2,64,10,82.76,61.8,67.09
500,100,2,64,10,95.91,60.1,67.09
500,100,2,64,10,96.42,71.9,67.09
500,100,2,64,10,95.55,60.7,67.09
500,100,2,64,10,95.27,68.7,67.09
500,100,2,64,10,94.16,69.2,67.09
500,100,2,64,10,94.74,71.3,67.09
500,100,2,64,10,93.97,68.0,67.09
500,100,2,64,10,93.38,67.4,67.09
500,100,2,64,10,92.97,71.8,67.09
500,100,2,128,10,65.12,60.6,64.79
500,100,2,128,10,94.49,56.8,64.79
500,100,2,128,10,96.51,68.8,64.79
500,100,2,128,10,96.95,61.6,64.79
500,100,2,128,10,96.06,67.8,64.79
500,100,2,128,10,94.89,65.7,64.79
500,100,2,128,10,95.51,65.6,64.79
500,100,2,128,10,94.57,64.6,64.79
500,100,2,128,10,93.03,65.1,64.79
500,100,2,128,10,93.78,71.3,64.79
500,100,2,256,10,76.08,51.8,62.95
500,100,2,256,10,91.98,58.1,62.95
500,100,2,256,10,95.75,62.7,62.95
500,100,2,256,10,96.28,60.9,62.95
500,100,2,256,10,95.71,66.5,62.95
500,100,2,256,10,95.09,65.9,62.95
500,100,2,256,10,94.09,63.7,62.95
500,100,2,256,10,93.88,65.1,62.95
500,100,2,256,10,94.09,65.7,62.95
500,100,2,256,10,93.27,69.1,62.95
500,200,2,32,10,82.12,66.8,67.69
500,200,2,32,10,92.98,62.0,67.69
500,200,2,32,10,94.71,71.5,67.69
500,200,2,32,10,94.62,68.0,67.69
500,200,2,32,10,93.05,65.3,67.69
500,200,2,32,10,91.11,67.7,67.69
500,200,2,32,10,91.17,69.8,67.69
500,200,2,32,10,90.8,65.6,67.69
500,200,2,32,10,92.23,69.5,67.69
500,200,2,32,10,91.28,70.7,67.69
500,200,2,64,10,80.24,60.4,66.7
500,200,2,64,10,95.65,65.0,66.7
500,200,2,64,10,97.05,69.1,66.7
500,200,2,64,10,96.11,62.7,66.7
500,200,2,64,10,95.36,68.4,66.7
500,200,2,64,10,94.73,64.4,66.7
500,200,2,64,10,94.49,68.8,66.7
500,200,2,64,10,92.95,71.5,66.7
500,200,2,64,10,92.37,61.7,66.7
500,200,2,64,10,92.24,75.0,66.7
500,200,2,128,10,72.9,64.2,65.27
500,200,2,128,10,94.45,56.0,65.27
500,200,2,128,10,95.0,65.5,65.27
500,200,2,128,10,95.24,62.6,65.27
500,200,2,128,10,95.75,66.2,65.27
500,200,2,128,10,94.78,69.1,65.27
500,200,2,128,10,95.35,67.6,65.27
500,200,2,128,10,91.89,65.4,65.27
500,200,2,128,10,93.67,63.4,65.27
500,200,2,128,10,93.56,72.7,65.27
500,200,2,256,10,81.44,62.4,63.97
500,200,2,256,10,95.91,50.5,63.97
500,200,2,256,10,96.11,66.1,63.97
500,200,2,256,10,96.06,60.9,63.97
500,200,2,256,10,95.51,66.9,63.97
500,200,2,256,10,95.64,63.6,63.97
500,200,2,256,10,94.95,67.2,63.97
500,200,2,256,10,92.75,66.5,63.97
500,200,2,256,10,92.66,66.3,63.97
500,200,2,256,10,92.64,69.3,63.97
1500,20,2,32,10,79.42,67.9,65.73
1500,20,2,32,10,91.71,62.5,65.73
1500,20,2,32,10,90.74,64.7,65.73
1500,20,2,32,10,88.15,61.5,65.73
1500,20,2,32,10,88.6,60.7,65.73
1500,20,2,32,10,84.57,62.9,65.73
1500,20,2,32,10,87.14,70.2,65.73
1500,20,2,32,10,86.03,63.4,65.73
1500,20,2,32,10,84.33,69.0,65.73
1500,20,2,32,10,86.49,74.5,65.73
1500,20,2,64,10,83.12,63.6,66.11
1500,20,2,64,10,95.6,57.6,66.11
1500,20,2,64,10,94.52,69.9,66.11
1500,20,2,64,10,92.68,64.3,66.11
1500,20,2,64,10,91.54,67.6,66.11
1500,20,2,64,10,92.05,62.4,66.11
1500,20,2,64,10,90.49,65.7,66.11
1500,20,2,64,10,86.38,66.6,66.11
1500,20,2,64,10,93.29,69.7,66.11
1500,20,2,64,10,90.14,73.7,66.11
1500,20,2,128,10,76.26,60.1,64.78
1500,20,2,128,10,94.25,62.9,64.78
1500,20,2,128,10,95.68,68.8,64.78
1500,20,2,128,10,94.17,58.2,64.78
1500,20,2,128,10,94.83,63.0,64.78
1500,20,2,128,10,93.92,65.0,64.78
1500,20,2,128,10,93.72,66.6,64.78
1500,20,2,128,10,93.69,68.1,64.78
1500,20,2,128,10,90.96,67.9,64.78
1500,20,2,128,10,88.94,67.2,64.78
1500,20,2,256,10,71.58,60.3,60.9
1500,20,2,256,10,91.63,47.7,60.9
1500,20,2,256,10,94.52,62.3,60.9
1500,20,2,256,10,94.15,57.5,60.9
1500,20,2,256,10,92.64,62.6,60.9
1500,20,2,256,10,91.23,62.3,60.9
1500,20,2,256,10,91.77,62.2,60.9
1500,20,2,256,10,93.11,64.1,60.9
1500,20,2,256,10,89.81,57.7,60.9
1500,20,2,256,10,88.49,72.3,60.9
1500,50,2,32,10,77.56,62.4,62.6
1500,50,2,32,10,90.55,55.3,62.6
1500,50,2,32,10,87.88,68.6,62.6
1500,50,2,32,10,87.45,55.4,62.6
1500,50,2,32,10,88.33,69.0,62.6
1500,50,2,32,10,81.98,57.0,62.6
1500,50,2,32,10,86.52,55.2,62.6
1500,50,2,32,10,89.0,64.2,62.6
1500,50,2,32,10,90.09,67.7,62.6
1500,50,2,32,10,87.84,71.2,62.6
1500,50,2,64,10,75.68,60.7,63.57
1500,50,2,64,10,90.31,57.3,63.57
1500,50,2,64,10,93.95,66.2,63.57
1500,50,2,64,10,93.52,62.6,63.57
1500,50,2,64,10,91.47,60.2,63.57
1500,50,2,64,10,93.18,64.2,63.57
1500,50,2,64,10,91.8,66.1,63.57
1500,50,2,64,10,89.78,65.7,63.57
1500,50,2,64,10,88.59,61.7,63.57
1500,50,2,64,10,91.3,71.0,63.57
1500,50,2,128,10,70.52,56.7,61.99
1500,50,2,128,10,91.43,53.0,61.99
1500,50,2,128,10,96.2,65.6,61.99
1500,50,2,128,10,94.71,56.7,61.99
1500,50,2,128,10,93.83,61.0,61.99
1500,50,2,128,10,93.29,66.6,61.99
1500,50,2,128,10,90.55,65.8,61.99
1500,50,2,128,10,91.08,62.0,61.99
1500,50,2,128,10,91.52,62.2,61.99
1500,50,2,128,10,91.51,70.3,61.99
1500,50,2,256,10,85.46,56.6,60.22
1500,50,2,256,10,96.0,51.0,60.22
1500,50,2,256,10,96.71,64.3,60.22
1500,50,2,256,10,94.69,54.9,60.22
1500,50,2,256,10,94.83,65.0,60.22
1500,50,2,256,10,92.88,57.9,60.22
1500,50,2,256,10,91.95,65.3,60.22
1500,50,2,256,10,92.12,62.6,60.22
1500,50,2,256,10,90.62,59.9,60.22
1500,50,2,256,10,89.19,64.7,60.22
1500,100,2,32,10,77.68,62.1,62.74
1500,100,2,32,10,87.75,57.6,62.74
1500,100,2,32,10,89.08,68.1,62.74
1500,100,2,32,10,85.77,57.9,62.74
1500,100,2,32,10,88.15,65.1,62.74
1500,100,2,32,10,87.06,58.9,62.74
1500,100,2,32,10,87.52,70.8,62.74
1500,100,2,32,10,83.86,61.7,62.74
1500,100,2,32,10,87.98,58.8,62.74
1500,100,2,32,10,87.93,66.4,62.74
1500,100,2,64,10,77.98,65.4,65.85
1500,100,2,64,10,93.11,60.1,65.85
1500,100,2,64,10,93.83,63.9,65.85
1500,100,2,64,10,94.46,65.9,65.85
1500,100,2,64,10,93.09,65.4,65.85
1500,100,2,64,10,91.94,67.6,65.85
1500,100,2,64,10,90.75,70.5,65.85
1500,100,2,64,10,78.28,65.1,65.85
1500,100,2,64,10,89.74,62.8,65.85
1500,100,2,64,10,90.26,71.8,65.85
1500,100,2,128,10,75.4,58.3,63.8
1500,100,2,128,10,93.58,56.2,63.8
1500,100,2,128,10,95.71,65.0,63.8
1500,100,2,128,10,95.08,60.1,63.8
1500,100,2,128,10,94.24,63.9,63.8
1500,100,2,128,10,93.82,67.0,63.8
1500,100,2,128,10,92.6,66.7,63.8
1500,100,2,128,10,92.8,63.7,63.8
1500,100,2,128,10,91.83,63.7,63.8
1500,100,2,128,10,92.1,73.4,63.8
1500,100,2,256,10,83.92,65.6,62.99
1500,100,2,256,10,94.82,58.4,62.99
1500,100,2,256,10,96.49,62.8,62.99
1500,100,2,256,10,96.18,58.9,62.99
1500,100,2,256,10,93.97,64.5,62.99
1500,100,2,256,10,91.55,61.1,62.99
1500,100,2,256,10,93.48,66.6,62.99
1500,100,2,256,10,91.53,63.6,62.99
1500,100,2,256,10,89.43,63.8,62.99
1500,100,2,256,10,85.82,64.6,62.99
1500,200,2,32,10,78.88,63.3,65.33
1500,200,2,32,10,87.98,58.7,65.33
1500,200,2,32,10,90.02,67.1,65.33
1500,200,2,32,10,89.74,67.4,65.33
1500,200,2,32,10,87.73,65.2,65.33
1500,200,2,32,10,88.26,64.2,65.33
1500,200,2,32,10,87.12,63.3,65.33
1500,200,2,32,10,86.28,68.1,65.33
1500,200,2,32,10,83.88,64.2,65.33
1500,200,2,32,10,84.18,71.8,65.33
1500,200,2,64,10,78.94,55.4,63.13
1500,200,2,64,10,90.42,59.7,63.13
1500,200,2,64,10,93.78,64.7,63.13
1500,200,2,64,10,92.35,60.3,63.13
1500,200,2,64,10,91.1,66.8,63.13
1500,200,2,64,10,90.72,63.4,63.13
1500,200,2,64,10,91.74,69.2,63.13
1500,200,2,64,10,87.14,64.9,63.13
1500,200,2,64,10,88.28,59.8,63.13
1500,200,2,64,10,89.57,67.1,63.13
1500,200,2,128,10,60.96,50.4,60.03
1500,200,2,128,10,83.77,52.1,60.03
1500,200,2,128,10,94.14,57.8,60.03
1500,200,2,128,10,95.37,58.7,60.03
1500,200,2,128,10,93.36,61.6,60.03
1500,200,2,128,10,91.28,65.3,60.03
1500,200,2,128,10,90.32,66.0,60.03
1500,200,2,128,10,91.68,58.8,60.03
1500,200,2,128,10,91.69,61.8,60.03
1500,200,2,128,10,90.68,67.8,60.03
1500,200,2,256,10,94.2,62.4,60.61
1500,200,2,256,10,97.12,53.7,60.61
1500,200,2,256,10,96.68,62.9,60.61
1500,200,2,256,10,95.14,54.0,60.61
1500,200,2,256,10,94.17,62.4,60.61
1500,200,2,256,10,91.52,56.9,60.61
1500,200,2,256,10,92.63,63.5,60.61
1500,200,2,256,10,93.28,63.3,60.61
1500,200,2,256,10,90.42,59.9,60.61
1500,200,2,256,10,91.44,67.1,60.61
2000,20,2,32,10,74.9,63.6,62.82
2000,20,2,32,10,88.31,54.5,62.82
2000,20,2,32,10,89.71,67.1,62.82
2000,20,2,32,10,85.69,56.2,62.82
2000,20,2,32,10,84.29,62.1,62.82
2000,20,2,32,10,85.63,60.5,62.82
2000,20,2,32,10,87.87,66.5,62.82
2000,20,2,32,10,83.66,62.5,62.82
2000,20,2,32,10,83.91,65.2,62.82
2000,20,2,32,10,81.25,70.0,62.82
2000,20,2,64,10,79.5,64.0,62.23
2000,20,2,64,10,91.46,54.3,62.23
2000,20,2,64,10,93.81,61.3,62.23
2000,20,2,64,10,91.66,56.9,62.23
2000,20,2,64,10,90.19,62.7,62.23
2000,20,2,64,10,88.8,62.3,62.23
2000,20,2,64,10,88.68,67.7,62.23
2000,20,2,64,10,88.25,61.7,62.23
2000,20,2,64,10,88.09,62.1,62.23
2000,20,2,64,10,85.2,69.3,62.23
2000,20,2,128,10,76.8,61.2,63.8
2000,20,2,128,10,92.83,59.9,63.8
2000,20,2,128,10,93.23,68.2,63.8
2000,20,2,128,10,91.28,60.9,63.8
2000,20,2,128,10,91.94,61.1,63.8
2000,20,2,128,10,90.99,65.1,63.8
2000,20,2,128,10,89.2,65.6,63.8
2000,20,2,128,10,89.09,65.5,63.8
2000,20,2,128,10,89.53,62.0,63.8
2000,20,2,128,10,89.91,68.5,63.8
2000,20,2,256,10,76.64,58.1,59.0
2000,20,2,256,10,92.51,57.4,59.0
2000,20,2,256,10,94.44,57.8,59.0
2000,20,2,256,10,93.18,53.8,59.0
2000,20,2,256,10,92.73,61.8,59.0
2000,20,2,256,10,92.34,61.6,59.0
2000,20,2,256,10,92.05,59.2,59.0
2000,20,2,256,10,90.14,60.0,59.0
2000,20,2,256,10,91.87,57.6,59.0
2000,20,2,256,10,91.53,62.7,59.0
2000,50,2,32,10,79.56,56.2,63.57
2000,50,2,32,10,86.69,56.2,63.57
2000,50,2,32,10,90.19,64.1,63.57
2000,50,2,32,10,88.15,62.0,63.57
2000,50,2,32,10,88.54,67.5,63.57
2000,50,2,32,10,86.33,65.9,63.57
2000,50,2,32,10,83.14,64.7,63.57
2000,50,2,32,10,84.47,62.2,63.57
2000,50,2,32,10,85.26,67.5,63.57
2000,50,2,32,10,82.81,69.4,63.57
2000,50,2,64,10,76.88,63.8,60.71
2000,50,2,64,10,91.16,52.3,60.71
2000,50,2,64,10,92.66,60.4,60.71
2000,50,2,64,10,87.11,47.8,60.71
2000,50,2,64,10,91.64,61.0,60.71
2000,50,2,64,10,90.76,64.4,60.71
2000,50,2,64,10,82.52,68.8,60.71
2000,50,2,64,10,87.96,62.5,60.71
2000,50,2,64,10,88.64,64.1,60.71
2000,50,2,64,10,82.38,62.0,60.71
2000,50,2,128,10,82.98,64.0,61.08
2000,50,2,128,10,96.9,53.2,61.08
2000,50,2,128,10,96.13,63.6,61.08
2000,50,2,128,10,95.86,53.7,61.08
2000,50,2,128,10,92.79,56.7,61.08
2000,50,2,128,10,91.99,60.8,61.08
2000,50,2,128,10,93.38,65.7,61.08
2000,50,2,128,10,91.8,57.2,61.08
2000,50,2,128,10,93.56,65.0,61.08
2000,50,2,128,10,91.17,70.9,61.08
2000,50,2,256,10,96.16,63.9,59.22
2000,50,2,256,10,95.23,50.4,59.22
2000,50,2,256,10,95.9,57.7,59.22
2000,50,2,256,10,93.95,53.0,59.22
2000,50,2,256,10,94.27,60.6,59.22
2000,50,2,256,10,90.77,63.6,59.22
2000,50,2,256,10,87.79,59.5,59.22
2000,50,2,256,10,89.8,58.9,59.22
2000,50,2,256,10,92.34,56.8,59.22
2000,50,2,256,10,90.59,67.8,59.22
2000,100,2,32,10,79.62,57.0,59.75
2000,100,2,32,10,90.51,55.9,59.75
2000,100,2,32,10,91.84,58.6,59.75
2000,100,2,32,10,85.52,59.6,59.75
2000,100,2,32,10,88.51,64.8,59.75
2000,100,2,32,10,85.41,62.6,59.75
2000,100,2,32,10,83.51,65.3,59.75
2000,100,2,32,10,84.63,52.0,59.75
2000,100,2,32,10,84.9,64.4,59.75
2000,100,2,32,10,79.99,57.3,59.75
2000,100,2,64,10,77.9,61.1,63.92
2000,100,2,64,10,88.46,56.5,63.92
2000,100,2,64,10,92.27,64.1,63.92
2000,100,2,64,10,91.89,61.5,63.92
2000,100,2,64,10,91.04,60.9,63.92
2000,100,2,64,10,89.11,66.5,63.92
2000,100,2,64,10,86.16,65.0,63.92
2000,100,2,64,10,89.27,65.4,63.92
2000,100,2,64,10,85.29,68.8,63.92
2000,100,2,64,10,84.1,69.4,63.92
2000,100,2,128,10,63.98,56.3,62.15
2000,100,2,128,10,91.09,57.6,62.15
2000,100,2,128,10,94.89,62.3,62.15
2000,100,2,128,10,95.63,57.8,62.15
2000,100,2,128,10,95.2,66.2,62.15
2000,100,2,128,10,92.87,62.3,62.15
2000,100,2,128,10,92.62,64.5,62.15
2000,100,2,128,10,93.3,63.9,62.15
2000,100,2,128,10,92.17,63.2,62.15
2000,100,2,128,10,92.56,67.4,62.15
2000,100,2,256,10,83.26,61.5,59.99
2000,100,2,256,10,91.77,57.2,59.99
2000,100,2,256,10,94.44,61.3,59.99
2000,100,2,256,10,92.85,52.7,59.99
2000,100,2,256,10,92.53,60.5,59.99
2000,100,2,256,10,89.74,60.6,59.99
2000,100,2,256,10,89.33,61.6,59.99
2000,100,2,256,10,88.15,63.4,59.99
2000,100,2,256,10,88.36,53.4,59.99
2000,100,2,256,10,89.27,67.7,59.99
2000,200,2,32,10,78.96,68.9,63.76
2000,200,2,32,10,89.01,60.1,63.76
2000,200,2,32,10,89.4,62.2,63.76
2000,200,2,32,10,88.55,62.7,63.76
2000,200,2,32,10,87.27,64.3,63.76
2000,200,2,32,10,85.93,64.5,63.76
2000,200,2,32,10,88.58,66.7,63.76
2000,200,2,32,10,85.65,61.5,63.76
2000,200,2,32,10,83.8,51.8,63.76
2000,200,2,32,10,80.53,74.9,63.76
2000,200,2,64,10,82.82,61.9,64.67
2000,200,2,64,10,91.99,55.5,64.67
2000,200,2,64,10,94.64,65.5,64.67
2000,200,2,64,10,94.87,51.0,64.67
2000,200,2,64,10,90.24,66.1,64.67
2000,200,2,64,10,91.67,68.6,64.67
2000,200,2,64,10,89.8,73.4,64.67
2000,200,2,64,10,89.37,63.8,64.67
2000,200,2,64,10,90.1,68.7,64.67
2000,200,2,64,10,83.88,72.2,64.67
2000,200,2,128,10,78.98,60.6,62.59
2000,200,2,128,10,94.14,53.5,62.59
2000,200,2,128,10,97.1,65.4,62.59
2000,200,2,128,10,94.87,62.5,62.59
2000,200,2,128,10,92.13,59.8,62.59
2000,200,2,128,10,92.67,65.6,62.59
2000,200,2,128,10,91.86,66.5,62.59
2000,200,2,128,10,91.98,58.0,62.59
2000,200,2,128,10,93.07,63.4,62.59
2000,200,2,128,10,91.46,70.6,62.59
2000,200,2,256,10,87.64,61.9,59.71
2000,200,2,256,10,96.27,51.5,59.71
2000,200,2,256,10,97.03,62.3,59.71
2000,200,2,256,10,93.6,54.3,59.71
2000,200,2,256,10,94.51,59.6,59.71
2000,200,2,256,10,94.49,58.0,59.71
2000,200,2,256,10,93.88,63.3,59.71
2000,200,2,256,10,91.26,59.0,59.71
2000,200,2,256,10,90.41,57.4,59.71
2000,200,2,256,10,90.01,69.8,59.71
